Filename,True Label,Predicted Label,Prob_water,Prob_others
others_101.wav,others,others,0.27422324,0.72577685
others_102.wav,others,others,0.27425155,0.7257485
others_103.wav,others,others,0.27423972,0.72576034
others_104.wav,others,others,0.27422303,0.7257771
others_105.wav,others,others,0.27422303,0.72577703
others_106.wav,others,others,0.27422443,0.7257756
others_107.wav,others,others,0.27422184,0.7257781
others_108.wav,others,others,0.27423212,0.72576785
others_109.wav,others,others,0.2742245,0.7257755
others_110.wav,others,others,0.2742215,0.7257785
others_111.wav,others,others,0.27422175,0.7257783
others_112.wav,others,others,0.27422056,0.7257795
others_113.wav,others,others,0.2742218,0.7257782
others_114.wav,others,others,0.27422142,0.7257786
others_115.wav,others,others,0.27422515,0.7257749
others_116.wav,others,others,0.27422336,0.7257766
others_117.wav,others,others,0.2742234,0.7257767
others_118.wav,others,others,0.27422208,0.7257779
others_119.wav,others,others,0.27422154,0.72577846
others_120.wav,others,others,0.2742214,0.7257787
others_121.wav,others,others,0.27423298,0.725767
others_122.wav,others,others,0.27422172,0.7257783
others_123.wav,others,others,0.2742229,0.72577715
others_124.wav,others,others,0.2742407,0.7257592
others_125.wav,others,others,0.27422246,0.72577757
others_126.wav,others,others,0.27422422,0.72577584
others_127.wav,others,others,0.2742325,0.72576755
others_128.wav,others,others,0.27422115,0.7257789
others_129.wav,others,others,0.27422723,0.7257728
others_130.wav,others,others,0.27424917,0.7257508
water_shower_1.wav,water,water,0.547248,0.45275202
water_shower_10.wav,water,others,0.45443383,0.54556626
water_shower_11.wav,water,others,0.27432212,0.7256779
water_shower_12.wav,water,water,0.61346,0.38654003
water_shower_13.wav,water,others,0.2743553,0.7256447
water_shower_14.wav,water,water,0.63856786,0.36143216
water_shower_15.wav,water,others,0.27425805,0.725742
water_shower_16.wav,water,water,0.63485307,0.36514688
water_shower_17.wav,water,water,0.63669246,0.36330754
water_shower_18.wav,water,water,0.5455203,0.4544797
water_shower_19.wav,water,water,0.54604334,0.45395666
water_shower_2.wav,water,water,0.7243733,0.27562675
water_shower_20.wav,water,others,0.27426034,0.7257396
water_shower_21.wav,water,water,0.7270619,0.27293813
water_shower_22.wav,water,others,0.27422944,0.7257706
water_shower_23.wav,water,water,0.7270678,0.2729322
water_shower_24.wav,water,water,0.72706497,0.2729351
water_shower_25.wav,water,others,0.27491435,0.7250856
water_shower_3.wav,water,water,0.58835787,0.41164213
water_shower_4.wav,water,water,0.6362937,0.3637063
water_shower_5.wav,water,water,0.6840319,0.31596813
water_shower_6.wav,water,others,0.27485642,0.72514355
water_shower_7.wav,water,others,0.4874402,0.51255983
water_shower_8.wav,water,water,0.72706366,0.27293634
water_shower_9.wav,water,others,0.27458635,0.7254137
water_toilet_1.wav,water,water,0.72704923,0.2729508
water_toilet_10.wav,water,water,0.63664633,0.3633537
water_toilet_11.wav,water,others,0.2742317,0.7257683
water_toilet_12.wav,water,others,0.2742302,0.7257698
water_toilet_13.wav,water,others,0.2744263,0.7255737
